question,answer_a,answer_b,run1_winner,run2_winner,winner_after_swap,run1_reason,run2_reason
"Trong tai lieu sample_01.md, noi dung chinh cua doan nay la gi?",Thông tin không được tìm thấy.,"Thông tin không được tìm thấy.

Bo sung ngan: # Chính sách Công nghệ Thông tin — Sổ tay Nhân viên 2024 ## Chính sách Mật khẩu Mật khẩu tài khoản công ty phải được thay đổi mỗi 90 ngày. Mật khẩu phải có độ dài tối thiểu 12 ký tự, bao gồm chữ hoa, chữ thường, số và ký",tie,B,tie,"Both answers provide the same response, indicating that the information is not found, and neither answer offers additional relevant content or context.","Answer A provides additional context by including a relevant excerpt from the document, which may indicate the main content of the section, while Answer B does not provide any supplementary information."
"Trong tai lieu sample_01.md, noi dung chinh cua doan nay la gi?",Thông tin không được tìm thấy.,"Thông tin không được tìm thấy.

Bo sung ngan: # Chính sách Công nghệ Thông tin — Sổ tay Nhân viên 2024 ## Chính sách Mật khẩu Mật khẩu tài khoản công ty phải được thay đổi mỗi 90 ngày. Mật khẩu phải có độ dài tối thiểu 12 ký tự, bao gồm chữ hoa, chữ thường, số và ký",tie,B,tie,"Both answers provide the same response indicating that the information was not found, making them equally accurate and relevant.","Answer A provides additional context by including a relevant excerpt from the document, which may help in understanding the main content, while Answer B is identical but lacks any supplementary information."
"Trong tai lieu sample_01.md, noi dung chinh cua doan nay la gi?",Thông tin không được tìm thấy.,"Thông tin không được tìm thấy.

Bo sung ngan: # Chính sách Công nghệ Thông tin — Sổ tay Nhân viên 2024 ## Chính sách Mật khẩu Mật khẩu tài khoản công ty phải được thay đổi mỗi 90 ngày. Mật khẩu phải có độ dài tối thiểu 12 ký tự, bao gồm chữ hoa, chữ thường, số và ký",tie,B,tie,"Both answers provide the same response, indicating that the information is not found, and neither answer offers additional relevant content or context.","Answer A provides additional context by including a relevant excerpt from the document, which may help in understanding the content, while Answer B does not provide any supplementary information."
"Trong tai lieu sample_02.md, noi dung chinh cua doan nay la gi?",Thông tin không được tìm thấy.,"Thông tin không được tìm thấy.

Bo sung ngan: # Chính sách Công nghệ Thông tin — Sổ tay Nhân viên 2024 ## Chính sách Mật khẩu Mật khẩu tài khoản công ty phải được thay đổi mỗi 90 ngày. Mật khẩu phải có độ dài tối thiểu 12 ký tự, bao gồm chữ hoa, chữ thường, số và ký",tie,B,tie,"Both answers provide the same response indicating that the information was not found, making them equally accurate and relevant.","Answer A provides additional relevant information from the document, specifically about the IT policy and password requirements, while Answer B does not offer any supplementary details."
"Trong tai lieu sample_02.md, noi dung chinh cua doan nay la gi?",Thông tin không được tìm thấy.,"Thông tin không được tìm thấy.

Bo sung ngan: # Chính sách Công nghệ Thông tin — Sổ tay Nhân viên 2024 ## Chính sách Mật khẩu Mật khẩu tài khoản công ty phải được thay đổi mỗi 90 ngày. Mật khẩu phải có độ dài tối thiểu 12 ký tự, bao gồm chữ hoa, chữ thường, số và ký",tie,B,tie,"Both answers provide the same response indicating that the information was not found, making them equally accurate and relevant.","Answer A provides additional context by including a relevant excerpt from the document, which may help in understanding the main content, while Answer B does not provide any supplementary information."
"Trong tai lieu sample_02.md, noi dung chinh cua doan nay la gi?",Thông tin không được tìm thấy.,"Thông tin không được tìm thấy.

Bo sung ngan: # Chính sách Công nghệ Thông tin — Sổ tay Nhân viên 2024 ## Chính sách Mật khẩu Mật khẩu tài khoản công ty phải được thay đổi mỗi 90 ngày. Mật khẩu phải có độ dài tối thiểu 12 ký tự, bao gồm chữ hoa, chữ thường, số và ký",tie,B,tie,"Both answers provide the same response indicating that the information was not found, making them equally accurate and relevant.","Answer A provides additional relevant information from the document, while Answer B is identical to Answer A in terms of content but lacks the supplementary details that could enhance understanding."
"Trong tai lieu sample_03.md, noi dung chinh cua doan nay la gi?",Thông tin không được tìm thấy.,"Thông tin không được tìm thấy.

Bo sung ngan: # Chính sách Công nghệ Thông tin — Sổ tay Nhân viên 2024 ## Chính sách Mật khẩu Mật khẩu tài khoản công ty phải được thay đổi mỗi 90 ngày. Mật khẩu phải có độ dài tối thiểu 12 ký tự, bao gồm chữ hoa, chữ thường, số và ký",tie,B,tie,"Both answers provide the same response, indicating that the information is not found. They are equally accurate, relevant, and concise.","Answer A provides additional context by including a relevant excerpt from the document, which may help in understanding the main content, while Answer B does not provide any supplementary information."
"Trong tai lieu sample_03.md, noi dung chinh cua doan nay la gi?",Thông tin không được tìm thấy.,"Thông tin không được tìm thấy.

Bo sung ngan: # Chính sách Công nghệ Thông tin — Sổ tay Nhân viên 2024 ## Chính sách Mật khẩu Mật khẩu tài khoản công ty phải được thay đổi mỗi 90 ngày. Mật khẩu phải có độ dài tối thiểu 12 ký tự, bao gồm chữ hoa, chữ thường, số và ký",tie,B,tie,"Both answers provide the same response, indicating that the information is not found, which is factually accurate and relevant to the question.","Answer A provides additional context by including a relevant excerpt from the document, which may help in understanding the main content, while Answer B does not provide any supplementary information."
"Trong tai lieu sample_03.md, noi dung chinh cua doan nay la gi?",Thông tin không được tìm thấy.,"Thông tin không được tìm thấy.

Bo sung ngan: # Chính sách Công nghệ Thông tin — Sổ tay Nhân viên 2024 ## Chính sách Mật khẩu Mật khẩu tài khoản công ty phải được thay đổi mỗi 90 ngày. Mật khẩu phải có độ dài tối thiểu 12 ký tự, bao gồm chữ hoa, chữ thường, số và ký",tie,B,tie,"Both answers provide the same response, indicating that the information is not found, and neither answer addresses the content of the document directly.","Answer A provides additional context by including a relevant excerpt from the document, which may help in understanding the main content, while Answer B does not provide any supplementary information."
"Trong tai lieu sample_01.md, noi dung chinh cua doan nay la gi?",Thông tin không được tìm thấy.,"Thông tin không được tìm thấy.

Bo sung ngan: # Chính sách Công nghệ Thông tin — Sổ tay Nhân viên 2024 ## Chính sách Mật khẩu Mật khẩu tài khoản công ty phải được thay đổi mỗi 90 ngày. Mật khẩu phải có độ dài tối thiểu 12 ký tự, bao gồm chữ hoa, chữ thường, số và ký",tie,B,tie,"Both answers provide the same response, indicating that the information was not found, making them equally accurate and relevant.","Answer A provides additional context by including a relevant excerpt from the document, which may indicate the main content of the section, while Answer B does not provide any supplementary information."
"Trong tai lieu sample_01.md, noi dung chinh cua doan nay la gi?",Thông tin không được tìm thấy.,"Thông tin không được tìm thấy.

Bo sung ngan: # Chính sách Công nghệ Thông tin — Sổ tay Nhân viên 2024 ## Chính sách Mật khẩu Mật khẩu tài khoản công ty phải được thay đổi mỗi 90 ngày. Mật khẩu phải có độ dài tối thiểu 12 ký tự, bao gồm chữ hoa, chữ thường, số và ký",tie,B,tie,"Both answers provide the same response, indicating that the information was not found, making them equally accurate and relevant.","Answer A provides additional context by including a relevant excerpt from the document, which may indicate the main content of the section, while Answer B is identical but lacks any supplementary information."
"Trong tai lieu sample_01.md, noi dung chinh cua doan nay la gi?",Thông tin không được tìm thấy.,"Thông tin không được tìm thấy.

Bo sung ngan: # Chính sách Công nghệ Thông tin — Sổ tay Nhân viên 2024 ## Chính sách Mật khẩu Mật khẩu tài khoản công ty phải được thay đổi mỗi 90 ngày. Mật khẩu phải có độ dài tối thiểu 12 ký tự, bao gồm chữ hoa, chữ thường, số và ký",tie,B,tie,"Both answers provide the same response, indicating that the information was not found, making them equally accurate and relevant.","Answer A provides additional context by including a relevant excerpt from the document, which may help in understanding the content of the section, while Answer B does not provide any supplementary information."
"Trong tai lieu sample_02.md, noi dung chinh cua doan nay la gi?",Thông tin không được tìm thấy.,"Thông tin không được tìm thấy.

Bo sung ngan: # Chính sách Công nghệ Thông tin — Sổ tay Nhân viên 2024 ## Chính sách Mật khẩu Mật khẩu tài khoản công ty phải được thay đổi mỗi 90 ngày. Mật khẩu phải có độ dài tối thiểu 12 ký tự, bao gồm chữ hoa, chữ thường, số và ký",tie,B,tie,"Both answers provide the same response indicating that the information was not found, making them equally accurate and relevant.","Answer A provides additional context by including a relevant excerpt from the document, which may help in understanding the main content, while Answer B does not provide any supplementary information."
"Trong tai lieu sample_02.md, noi dung chinh cua doan nay la gi?",Thông tin không được tìm thấy.,"Thông tin không được tìm thấy.

Bo sung ngan: # Chính sách Công nghệ Thông tin — Sổ tay Nhân viên 2024 ## Chính sách Mật khẩu Mật khẩu tài khoản công ty phải được thay đổi mỗi 90 ngày. Mật khẩu phải có độ dài tối thiểu 12 ký tự, bao gồm chữ hoa, chữ thường, số và ký",tie,B,tie,"Both answers provide the same response indicating that the information is not found, making them equally accurate and relevant.","Answer A provides additional context by including a relevant excerpt from the document, which may help in understanding the main content, while Answer B does not provide any supplementary information."
"Trong tai lieu sample_02.md, noi dung chinh cua doan nay la gi?",Thông tin không được tìm thấy.,"Thông tin không được tìm thấy.

Bo sung ngan: # Chính sách Công nghệ Thông tin — Sổ tay Nhân viên 2024 ## Chính sách Mật khẩu Mật khẩu tài khoản công ty phải được thay đổi mỗi 90 ngày. Mật khẩu phải có độ dài tối thiểu 12 ký tự, bao gồm chữ hoa, chữ thường, số và ký",tie,B,tie,"Both answers provide the same response indicating that the information was not found, making them equally accurate and relevant.","Answer A provides additional context by including a relevant excerpt from the document, which may help in understanding the main content, while Answer B does not provide any supplementary information."
"Trong tai lieu sample_03.md, noi dung chinh cua doan nay la gi?",Thông tin không được tìm thấy.,"Thông tin không được tìm thấy.

Bo sung ngan: # Chính sách Công nghệ Thông tin — Sổ tay Nhân viên 2024 ## Chính sách Mật khẩu Mật khẩu tài khoản công ty phải được thay đổi mỗi 90 ngày. Mật khẩu phải có độ dài tối thiểu 12 ký tự, bao gồm chữ hoa, chữ thường, số và ký",tie,B,tie,"Both answers provide the same response, indicating that the information is not found, which is factually accurate and relevant to the question.","Answer A provides additional context by including a relevant excerpt from the document, which may help in understanding the main content, while Answer B does not provide any supplementary information."
"Trong tai lieu sample_03.md, noi dung chinh cua doan nay la gi?",Thông tin không được tìm thấy.,"Thông tin không được tìm thấy.

Bo sung ngan: # Chính sách Công nghệ Thông tin — Sổ tay Nhân viên 2024 ## Chính sách Mật khẩu Mật khẩu tài khoản công ty phải được thay đổi mỗi 90 ngày. Mật khẩu phải có độ dài tối thiểu 12 ký tự, bao gồm chữ hoa, chữ thường, số và ký",tie,B,tie,"Both answers provide the same response, indicating that the information is not found. They are equally accurate, relevant, and concise.","Answer A provides additional context by including a relevant excerpt from the document, which may help in understanding the main content, while Answer B does not provide any supplementary information."
"Trong tai lieu sample_03.md, noi dung chinh cua doan nay la gi?",Thông tin không được tìm thấy.,"Thông tin không được tìm thấy.

Bo sung ngan: # Chính sách Công nghệ Thông tin — Sổ tay Nhân viên 2024 ## Chính sách Mật khẩu Mật khẩu tài khoản công ty phải được thay đổi mỗi 90 ngày. Mật khẩu phải có độ dài tối thiểu 12 ký tự, bao gồm chữ hoa, chữ thường, số và ký",tie,B,tie,"Both answers provide the same response, indicating that the information is not found, and neither answer offers additional relevant content from the provided supplemental text.","Answer A provides additional context by including a relevant excerpt from the document, which may help in understanding the main content, while Answer B does not provide any supplementary information."
"Trong tai lieu sample_01.md, noi dung chinh cua doan nay la gi?",Thông tin không được tìm thấy.,"Thông tin không được tìm thấy.

Bo sung ngan: # Chính sách Công nghệ Thông tin — Sổ tay Nhân viên 2024 ## Chính sách Mật khẩu Mật khẩu tài khoản công ty phải được thay đổi mỗi 90 ngày. Mật khẩu phải có độ dài tối thiểu 12 ký tự, bao gồm chữ hoa, chữ thường, số và ký",tie,tie,tie,"Both answers provide the same response, indicating that the information was not found, making them equally accurate and relevant.","Both answers state that the information is not found, and neither provides relevant content from the document. Therefore, they are equally unhelpful."
"Trong tai lieu sample_01.md, noi dung chinh cua doan nay la gi?",Thông tin không được tìm thấy.,"Thông tin không được tìm thấy.

Bo sung ngan: # Chính sách Công nghệ Thông tin — Sổ tay Nhân viên 2024 ## Chính sách Mật khẩu Mật khẩu tài khoản công ty phải được thay đổi mỗi 90 ngày. Mật khẩu phải có độ dài tối thiểu 12 ký tự, bao gồm chữ hoa, chữ thường, số và ký",tie,B,tie,"Both answers provide the same response, indicating that the information was not found. They are equally accurate, relevant, and concise.","Answer A provides additional context by including a relevant excerpt from the document, which may indicate the main content of the section, while Answer B does not provide any supplementary information."
"Trong tai lieu sample_01.md, noi dung chinh cua doan nay la gi?",Thông tin không được tìm thấy.,"Thông tin không được tìm thấy.

Bo sung ngan: # Chính sách Công nghệ Thông tin — Sổ tay Nhân viên 2024 ## Chính sách Mật khẩu Mật khẩu tài khoản công ty phải được thay đổi mỗi 90 ngày. Mật khẩu phải có độ dài tối thiểu 12 ký tự, bao gồm chữ hoa, chữ thường, số và ký",tie,B,tie,"Both answers provide the same response, indicating that the information was not found, making them equally accurate and relevant.","Answer A provides additional context by including a relevant excerpt from the document, which may indicate the main content of the section, while Answer B is identical but lacks any supplementary information."
"Trong tai lieu sample_02.md, noi dung chinh cua doan nay la gi?",Thông tin không được tìm thấy.,"Thông tin không được tìm thấy.

Bo sung ngan: # Chính sách Công nghệ Thông tin — Sổ tay Nhân viên 2024 ## Chính sách Mật khẩu Mật khẩu tài khoản công ty phải được thay đổi mỗi 90 ngày. Mật khẩu phải có độ dài tối thiểu 12 ký tự, bao gồm chữ hoa, chữ thường, số và ký",tie,B,tie,"Both answers provide the same response indicating that the information was not found, making them equally accurate and relevant.","Answer A provides additional context by including a relevant excerpt from the document, which indicates that it is attempting to address the question about the main content of the document, while Answer B does not provide any additional information."
"Trong tai lieu sample_02.md, noi dung chinh cua doan nay la gi?",Thông tin không được tìm thấy.,"Thông tin không được tìm thấy.

Bo sung ngan: # Chính sách Công nghệ Thông tin — Sổ tay Nhân viên 2024 ## Chính sách Mật khẩu Mật khẩu tài khoản công ty phải được thay đổi mỗi 90 ngày. Mật khẩu phải có độ dài tối thiểu 12 ký tự, bao gồm chữ hoa, chữ thường, số và ký",tie,B,tie,"Both answers provide the same response indicating that the information was not found, making them equally accurate and relevant.","Answer A provides additional context by including a relevant excerpt from the document, which may help in understanding the main content, while Answer B does not provide any supplementary information."
"Trong tai lieu sample_02.md, noi dung chinh cua doan nay la gi?",Thông tin không được tìm thấy.,"Thông tin không được tìm thấy.

Bo sung ngan: # Chính sách Công nghệ Thông tin — Sổ tay Nhân viên 2024 ## Chính sách Mật khẩu Mật khẩu tài khoản công ty phải được thay đổi mỗi 90 ngày. Mật khẩu phải có độ dài tối thiểu 12 ký tự, bao gồm chữ hoa, chữ thường, số và ký",tie,B,tie,"Both answers provide the same response indicating that the information is not found, making them equally accurate and relevant.","Answer A provides additional context by including a relevant excerpt from the document, which indicates the main content of the section, while Answer B does not provide any supplementary information."
"Trong tai lieu sample_03.md, noi dung chinh cua doan nay la gi?",Thông tin không được tìm thấy.,"Thông tin không được tìm thấy.

Bo sung ngan: # Chính sách Công nghệ Thông tin — Sổ tay Nhân viên 2024 ## Chính sách Mật khẩu Mật khẩu tài khoản công ty phải được thay đổi mỗi 90 ngày. Mật khẩu phải có độ dài tối thiểu 12 ký tự, bao gồm chữ hoa, chữ thường, số và ký",tie,B,tie,"Both answers provide the same response, indicating that the information is not found, and neither answer offers additional relevant content or context.","Answer A provides additional context by including a relevant excerpt from the document, which may indicate the main content of the section, while Answer B does not provide any supplementary information."
"Tu thong tin trong sample_03.md, co the rut ra ket luan gi lien quan den noi dung duoc neu?","Thông tin trong sample_03.md không được cung cấp, vì vậy không thể rút ra kết luận nào liên quan đến nội dung đó.",Thông tin trong sample_03.md không được tìm thấy.,A,A,A,"Answer A provides a more comprehensive response by explicitly stating that no conclusions can be drawn due to the lack of information, while Answer B simply states that the information is not found, which is less informative.","Answer B provides a more comprehensive response by explaining that the lack of information prevents drawing any conclusions, while Answer A simply states that the information is not found without further context."
"Tu thong tin trong sample_03.md, co the rut ra ket luan gi lien quan den noi dung duoc neu?","Thông tin trong sample_03.md cho thấy các chính sách và quy định liên quan đến công nghệ thông tin và nhân sự trong công ty. Các điểm chính bao gồm:

1. **Chính sách VPN**: Nhân viên phải sử dụng VPN công ty với mã hóa AES-256, kết nối tối đa 8 giờ và không được sử dụng VPN cá nhân.
2. **Chính sách email**: Email công ty chỉ dùng cho công việc, không được chuyển tiếp ra email cá nhân, và dung lượng tối đa là 25 GB.
3. **Chính sách sao lưu dữ liệu**: Dữ liệu công việc phải lưu trên ổ đĩa mạng hoặc hệ thống đám mây phê duyệt, với sao lưu tự động hàng ngày.
4. **Chính sách bảo mật thông tin**: Thông tin khách hàng và dữ liệu kinh doanh không được chia sẻ mà không có sự cho phép, vi phạm có thể dẫn đến xử lý kỷ luật.
5. **Chính sách mật khẩu**: Mật khẩu tài khoản phải thay đổi mỗi 90 ngày, có độ dài tối thiểu 12 ký tự và không được sử dụng lại 5 mật khẩu gần nhất.
6. **Chính sách nghỉ phép**: Nh","Thông tin trong sample_03.md cho thấy các chính sách liên quan đến công nghệ thông tin và nhân sự của công ty, bao gồm quy định về sử dụng VPN, bảo mật thông tin, mật khẩu, và nghỉ phép. Các quy định này nhằm đảm bảo an toàn dữ liệu, bảo mật thông tin khách hàng, và quản lý thời gian nghỉ phép của nhân viên. Việc tuân thủ các chính sách này là cần thiết để duy trì hiệu quả công việc và bảo vệ lợi ích của công ty.",A,A,A,"Answer A provides a detailed breakdown of specific policies mentioned in sample_03.md, including key points and examples, which enhances factual accuracy and relevance. Answer B is more general and lacks the specific details that are present in Answer A, making it less informative.","Answer B provides a detailed breakdown of specific policies and regulations mentioned in sample_03.md, making it more informative and relevant. It covers multiple aspects of the company's IT and HR policies, while Answer A offers a more general overview without the same level of detail."
"Tu thong tin trong sample_01.md, co the rut ra ket luan gi lien quan den noi dung duoc neu?","Thông tin trong sample_01.md cho thấy các chính sách liên quan đến bảo mật, sử dụng thiết bị, VPN, và nghỉ phép của nhân viên. Các điểm chính bao gồm:

1. **Bảo mật thông tin**: Không được chia sẻ dữ liệu khách hàng và kinh doanh ra ngoài mà không có sự cho phép, vi phạm có thể dẫn đến xử lý kỷ luật.
2. **Sử dụng thiết bị**: Thiết bị công ty chỉ dùng cho công việc, không cài đặt phần mềm không phê duyệt, và phải trả lại khi rời công ty.
3. **VPN**: Nhân viên làm việc từ xa phải sử dụng VPN công ty với quy định về thời gian kết nối và không sử dụng VPN cá nhân.
4. **Nghỉ phép**: Nhân viên có quyền nghỉ phép năm, nghỉ không lương và nghỉ ốm với các quy định cụ thể về số ngày và thủ tục xin nghỉ.

Tóm lại, các chính sách này nhằm đảm bảo an toàn thông tin và quản lý hiệu quả thời gian làm việc của nhân viên.","Thông tin trong sample_01.md cho thấy các chính sách và quy định liên quan đến công nghệ thông tin và nhân sự trong công ty. Các điểm chính bao gồm:

1. **VPN và Bảo mật**: Nhân viên phải sử dụng VPN công ty với mã hóa AES-256, không được sử dụng VPN cá nhân và cần đăng nhập lại sau 8 giờ.
2. **Email và Liên lạc**: Email công ty chỉ dùng cho công việc, không được chuyển tiếp ra email cá nhân, và có dung lượng tối đa 25 GB.
3. **Sao lưu Dữ liệu**: Dữ liệu công việc phải được lưu trữ đúng cách và hệ thống tự động sao lưu hàng ngày.
4. **Bảo mật Thông tin**: Thông tin khách hàng và dữ liệu kinh doanh phải được bảo mật và không được chia sẻ mà không có sự cho phép.
5. **Chính sách Mật khẩu**: Mật khẩu phải được thay đổi định kỳ và có yêu cầu về độ phức tạp.
6. **Nghỉ phép**: Nhân viên có quyền nghỉ phép năm, nghỉ không lương và nghỉ ốm với các quy định cụ thể.

Tóm lại, công ty có các",B,B,B,"Answer B provides a more comprehensive overview of the policies mentioned in sample_01.md, including specific details about VPN usage, email communication, data backup, and password policies, which are relevant to the question. While Answer A covers some important points, it lacks the depth and additional topics addressed in Answer B.","Answer A provides a more comprehensive overview of the policies mentioned in sample_01.md, covering a wider range of topics including VPN, email usage, data backup, information security, password policies, and leave policies. It is also more detailed in its explanations, making it more informative and relevant to the question."
"Tu thong tin trong sample_01.md, co the rut ra ket luan gi lien quan den noi dung duoc neu?","Thông tin trong sample_01.md cho thấy các chính sách liên quan đến bảo mật, sử dụng thiết bị, quản lý email và nghỉ phép của nhân viên. Các quy định này nhằm đảm bảo an toàn thông tin, bảo vệ dữ liệu công ty và quy trình làm việc hiệu quả. Nhân viên cần tuân thủ các quy định về mật khẩu, sử dụng VPN, và báo cáo sự cố bảo mật kịp thời. Đồng thời, chính sách nghỉ phép cũng được quy định rõ ràng để đảm bảo quyền lợi của nhân viên.","Thông tin trong sample_01.md cho thấy các chính sách và quy định liên quan đến công nghệ thông tin và nhân sự trong công ty. Các điểm chính bao gồm:

1. **VPN và Bảo mật**: Nhân viên phải sử dụng VPN công ty với mã hóa AES-256, không được sử dụng VPN cá nhân và cần đăng nhập lại sau 8 giờ.
2. **Email và Liên lạc**: Email công ty chỉ dùng cho công việc, không được chuyển tiếp ra ngoài và có dung lượng tối đa 25 GB.
3. **Sao lưu Dữ liệu**: Dữ liệu công việc phải được lưu trữ đúng cách và hệ thống tự động sao lưu hàng ngày.
4. **Chính sách Mật khẩu**: Mật khẩu phải được thay đổi mỗi 90 ngày và có yêu cầu độ phức tạp cao.
5. **Nghỉ phép**: Nhân viên có quyền nghỉ phép năm, nghỉ không lương và nghỉ ốm với các quy định cụ thể.

Các quy định này nhằm đảm bảo an toàn thông tin, bảo mật dữ liệu và quyền lợi của nhân viên.",B,B,B,"Answer B provides a more detailed and structured overview of the policies mentioned in sample_01.md, including specific points about VPN, email usage, data backup, password policies, and leave policies. This makes it more informative and relevant compared to Answer A, which is less detailed and lacks specific examples.","Answer A provides a more detailed and specific breakdown of the policies mentioned in sample_01.md, including key points about VPN usage, email management, data backup, password policies, and leave regulations. It offers a clearer understanding of the content, making it more factual and relevant compared to Answer B, which is less detailed and somewhat vague."
"Tu thong tin trong sample_01.md, co the rut ra ket luan gi lien quan den noi dung duoc neu?","Thông tin trong sample_01.md cho thấy các chính sách liên quan đến bảo mật, sử dụng thiết bị, VPN, và nghỉ phép của nhân viên. Các điểm chính bao gồm:

1. **Bảo mật thông tin**: Không được chia sẻ dữ liệu khách hàng và kinh doanh ra ngoài mà không có sự cho phép, vi phạm có thể dẫn đến xử lý kỷ luật.
2. **Sử dụng thiết bị**: Thiết bị công ty chỉ được sử dụng cho công việc, không được cài đặt phần mềm không phê duyệt.
3. **VPN**: Nhân viên làm việc từ xa phải sử dụng VPN công ty với quy định về thời gian kết nối và không được sử dụng VPN cá nhân.
4. **Nghỉ phép**: Nhân viên có quyền nghỉ phép năm, nghỉ không lương và nghỉ ốm với các quy định cụ thể về số ngày và thủ tục xin nghỉ.

Tóm lại, các chính sách này nhằm đảm bảo an toàn thông tin, sử dụng thiết bị hợp lý và quản lý thời gian nghỉ phép của nhân viên.","Thông tin trong sample_01.md cho thấy các chính sách liên quan đến bảo mật, sử dụng thiết bị, quản lý email, và nghỉ phép của nhân viên. Các điểm chính bao gồm:

1. **Bảo mật thông tin**: Không được chia sẻ dữ liệu khách hàng và kinh doanh ra ngoài mà không có sự cho phép, vi phạm có thể dẫn đến xử lý kỷ luật.
2. **Sử dụng thiết bị**: Thiết bị công ty chỉ được dùng cho công việc, không cài đặt phần mềm không phê duyệt.
3. **Quản lý email**: Email công ty chỉ dùng cho công việc, không chuyển tiếp ra địa chỉ cá nhân.
4. **Nghỉ phép**: Nhân viên có quyền nghỉ phép năm, nghỉ không lương và nghỉ ốm với các quy định cụ thể.

Các chính sách này nhằm đảm bảo an toàn thông tin và hiệu quả công việc trong công ty.",A,A,A,"Answer A provides a more comprehensive overview of the policies mentioned in sample_01.md, including specific details about VPN usage, which is relevant to remote work. Answer B, while accurate, substitutes 'VPN' with 'quản lý email', which may not fully capture the intended content of the document. Additionally, Answer A is slightly more concise in summarizing the policies.","Answer B includes the additional point about VPN usage, which is relevant to the context of remote work and security policies, making it more comprehensive than Answer A. Both answers are factually accurate and concise, but B provides a more complete overview."
